bot,text
1,'Cambridge residents 12 or older (or in 6th grade +) can vote for participatory budgeting https://t.co/BYYYPBnPL9 

I am personally rooting for more blue bikes\, outdoor gym\, and of course - pickleball! https://t.co/Rpf09w5ps7'
1,'See more details on the (still under construction ğŸš§) Kempner Institute webpage https://t.co/7dyfJZY8ki https://t.co/Dp5XZibWoh'
1,'New position: ğŸ“¢ Kempner Institute Fellows\, loosely modeled around Harvard "Society of Fellows"\, a 3-year fellowship with attractive terms for people in AI / ML / Neuroscience / related fields.

https://t.co/vPeZCZZpzq https://t.co/znMAskMQAm https://t.co/VK0fG7X1I8'
1,'@gdb See also his talk https://t.co/DXMuygsOTC'
1,'@ylecun Also by Bourgainâ€™s Theorem one can embed any metric on N objects into Euclidean space (of logarithmic dimension) with O(log(N)) distortion.  See e.g. https://t.co/Qa1tDyN1Aj https://t.co/ds6IGlRvR2'
1,'@Pooyahat I do try to answer these emails\, but it\'s basically with information that they could have gotten from the web\, since I cannot read their application specifically. If I was 100% sure that I will *not* be taking any students then I could say that\, but that\'s never the case.'
1,'Correction: it was to celebrate @minilek\'s tenure.'
1,'@Pooyahat We do have a very smooth application fee waiver program https://t.co/5LjyTRsqks  but regardless I cannot read and evaluate an email whether an application will be successful.'
1,'@jasondhartline Harvard has a very smooth application fee waiver process https://t.co/5LjyTRbnis  but in any case\, I simply cannot evaluate applications until the period of time which I dedicate to it.'
1,'Teaching in AddisCoder and JamCoders has been an amazing experience\, and I cannot overstate these programs\' impact. 

I once met an AddisCoder graduate at a reception for @minilek\'s wedding. I asked him whether he enjoyed the course. He said\, "Enjoyed it? It was life-changing!" https://t.co/lEHER27e73'
1,'The short answer is don\'t. 

If you mention my name in your application\, then I will read it. Until I am in "graduate application reading mode"\, I just ignore all these emails and respond with my own form email. https://t.co/xQQPgGL3oF'
1,'@DulacLab @Harvard @MCB_Harvard Congratulations Cetherine!!!'
1,'@mirofurtado @marikgoldstein Not that I\'m aware of (I think these industry grants come and go) but I\'ll check - thanks!'
1,'@yoavgo @GazitDoron ××¡×›×™×\, ×¨××” ×’× https://t.co/SMYkkIevks'
1,'This is a very nice course!  https://t.co/myJcsRm0ro https://t.co/mkHHjyIJPp'
1,'@boborado @LambdaAPI Thanks! Any educational discounts? Feel free to continue by email (see my website for details)'
1,'@marikgoldstein For Harvard: https://t.co/CDh0KsiKH6 
However\, even if the HPC folks gave us access\, I think all the incantations (2-factor authentication\, ssh\, SLURM) make it too much of a hassle just to get something running.'
1,'Reminder - our "opportunities" webpage contains links for several postdoc positions in machine learning at Harvard and MIT\, not just in our group but also with collaborators / related groups.

https://t.co/YeZRZnGzjW'
1,'People teaching deep learning courses - what do you use to give your students access to GPUs for problem sets? Try to make sure they are doable within Colab limits? Something else?'
1,'Excited that both @AddisCoder  and @jamcoders will be held this summer! See here for information on applications for both students and TAs.

https://t.co/eb60l7RyP8

and

https://t.co/DnwGqabhOc'
1,'@minilek @thegautamkamath Actually @mit should have the funds to do recruiting across all of the U.S.\, including USVI and not rely on the US News ranking.  I certainly hope @Harvard does this'
1,'@gwern @mattyglesias @GiveWell I think for an ethical movement to have large impact\, it *should* be easy to be a part of it\, but it might also help if it has some "hard levels" too\, so you have respect for its leaders\, who really "walk the talk".'
1,'@gwern @mattyglesias @GiveWell I don\'t think it\'s about ostracizing. Even someone that isn\'t into EA would have some respect for people willing to eat what (for us seems) tasteless food\, donate most of their earnings\, and sometimes even kidneys.

Believing in AI x-risk is not as much of a personal sacrifice'
1,'@minilek @thegautamkamath To be fair\, you did go for undergrad to some obscure technical school in the Boston area ğŸ˜‰'
1,'@mraginsky Scott Aaronson claims that within 6 months my wife and I will probably be living in some group house in Oakland. Please send a rescue mission if I join a polycule ğŸ˜€'
1,'So @mattyglesias can rest easy. CICERO is not going to take over the world any more than AlphaZero is going to capture the king of England.

https://t.co/5YjTrA3Tmo'
1,'The long-term component of CICERO is the gameplay engine that is trained without the dialogue (like in "dialogue-free" or "no-press" Diplomacy) using ideas from previous (great!) work on this variant https://t.co/ON0sx3shHJ'
1,'Timed perfectly for the day I post a blog on AI not taking over the world via 3D chess :)  https://t.co/mr688fUJcl

But this is actually a great example. CICERO is a fantastic achievement\, showing how to combine two tasks that separate AI systems do well in - games and NLP. https://t.co/xe38QPz2fl https://t.co/T454dEErNf'
1,'Now cross-posted on Lesswrong - wish me luck! https://t.co/37infbwSok https://t.co/ilKgrsbyMa'
1,'New blog post with Ben Edelman: AI will change the world\, but will not take it over by playing "three-dimensional chess."

https://t.co/mr688gckAV'
1,'@catehall Lake Wobegon of customer-service representatives.'
1,'I hope Twitter survives\, but if not\, you can find me on https://t.co/MdM6RoG80M https://t.co/tlDD2WDFdy'
1,'@inseungkang @_beenkim You can subscribe to a google calendar and/or join our mailing list on https://t.co/uztpKPTI7A'
1,'@_beenkim @inseungkang Yes! Our seminar is open to the public! People are welcome to come to the SEC\, 150 Western Ave\, Allston.'
1,'3-time U.S Poet Laureate  @RobertPinsky will be reading today at Grolier book shop. See this interview at @CambridgeDay https://t.co/3PjX0vchJS'
1,'From https://t.co/BuNG0e8DBt https://t.co/TX6cozDCWn'
1,'@yohaibs @yoavgo ××ª×” ×œ× ××‘×™×Ÿ: ×ª×§× ×” ×–×¨×•×¢ ×‘×©×‘×™×œ ×”××¡×š ×©××ª×” ××ª×›×•×•×Ÿ ×œ×ª×œ×•×ª ×¢×œ ×”×§×™×¨. ×‘×–×• ×”×¤×›×ª ××•×ª×• ×œ××•× ×™×˜×•×¨ ×©×•×œ×—× ×™ ×›×©×¨ ×œ××”×“×¨×™×Ÿ. ×›×©×ª×’×™×¢ ×”×–×¨×•×¢\, ×ª×–×¨×•×§ ××•×ª×” ×œ×¤×— ×•×ª×ª×œ×” ×¢×œ ×”×§×™×¨.'
1,'We probably need a better encoding than "X-word" if our standard for an offensive word is anything that anyone ever said they\'re offended by on the Internet. I am pretty sure there are more than 26 of those.

I still think that reviewer is the T-word. https://t.co/mg0HZCKk1z'
1,'@neeldhara @ShriramKMurthi The code for generating the book in various formats (html\, pdf\, word) is on https://t.co/7GcmEeZ22J . I got a lot of help from Kunal Marwaha ( @kmarwahaha ) in setting it up via GitHub actions so every time I push everything compiles and updates.'
1,'Now it\'s even worse....  I wonder which crypto company will collapse by the time conda gets this install done. All I wanted to do was to install tensorflow... https://t.co/8hLDVR7Naj'
1,'@jensen_inequity I am in too deep at this point in that particular machine :)'
1,'Current status ... https://t.co/K2OSYCcY8x'
1,'@matt_blackwell I agree https://t.co/to5BUHSNmy'
1,'@Ozan__Caglayan If you want to start a movement to drop this term\, go ahead\, but this is not a battle to take on the back of the unlucky authors that got you as a reviewer.'
1,'@PradyuPrasad Don\'t give up! Elon can still make it up...'
1,'@UdiWieder @CSProfKGD Not taking a position on this debate\, but it is at least held in the right way - public forums and not anonymous reviews. Also\, the aim is to convince people to adopt a new term for a relatively recent concept\, rather than reject papers who use the other term.'
1,'@UdiWieder @CSProfKGD https://t.co/Fnkg46tjV1 and https://t.co/O4lgUQCNMc'
1,'@CSProfKGD In contrast here the reviewer took a term that has been used for 40 years\, and for which there was never a public outcry over\, and decided that the context of a review in ICLR for one particular paper is the right place to have this fight. I think this reviewer is just a troll.'
1,'@CSProfKGD Consdier  "quantum supremacy". It has been in use far shorter time than "byzantine agreement". Some people have found it offensive and made a public campaign to use "quantum advantage" instead. Many authors listened\, but the term is still used\, and is not ground for rejection.'
1,'"Byzantine agreement" has been a technical term for 40+ years\, used in tens of thousands of papers. Still\, if there was a grassroots movement of people identifying as byzantine who find it offensive\, they should be heard. 

But it\'s not up to an ICLR reviewer to make such demand. https://t.co/PEj93AmKPk'
1,'@minilek So cute! What is Hareya reading?'
1,'These positions can be also relevant for computer scientists\, in areas such as machine learning for energy-system modeling or sustainable algorithms. See also https://t.co/YeZRZnG1uo for ML opportunities at all levels. https://t.co/TGwepgrJCW'
1,'"it\'s just a flesh wound" https://t.co/aaM2MjT1WV https://t.co/MizAyC9dn1'
1,'At the moment I see Musk mismanaging a company and losing a ton of wealth in the process. https://t.co/q3St3hxBTh'
1,'@ben_golub I think they\'re selling some of the paid-for verification blue checkmarks on e-bay for $800 -  they\'re going to be collector items.'
1,'I am still here but just in case (and also because was prompted by my 10 year old)\, I also have https://t.co/MdM6RoG80M 

I might also have some other Mastodon accounts that said 10-year old opened for me\, which I may or may not know how to access.'
1,'@fusionconfusion Not sure yet - created one account but Goren (who btw already has a blue check in Mastodon :) ) said that they will send me some invites to some invite-only servers. Not sure what it means (and at moment still planning to mostly use twitter)'
1,'@steve_leinwand @adrian_mims It\'s also insidious since the so-called "change" (namely offering watered-down curriculum that doesn\'t prepare for STEM) is on the backs of public-school students with less resources. This is why programs that truly elevate students rightly reject it https://t.co/jS1PiPrNqS'
1,'@steve_leinwand @adrian_mims As to the notion that calculus is not needed by 75% of the population\, this is if you give up on the notion of high-school as preparation for college\,  since the fastest-growing majors are the ones requiring it. 

https://t.co/2jk603iW3M'
1,'@steve_leinwand @adrian_mims It\'s not data science itself that is shallow\, but rather the shallow courses being promoted to high-school students. This is why they\'re opposed by leaders in Data Science:  https://t.co/Ds6tsQnal3 

Rigorous data science courses require algebra&amp;probability as prerequisites.'
1,'While some are promoting shallow "data science" high-school courses as alternatives to actual math\, @adrian_mims \'s calculus project shows you CAN teach rigorous math to students from all backgrounds. See https://t.co/ZJo4dCgGrA and this video https://t.co/xCj5GVTmBJ'
1,'Moving to Mastodon is so easy that even my 10-year old kid could do it. 

On the other hand\, this is the same 10-year old kid that wrote a webpage tutorial how to do it and is serving it to our home wifi from an Apache server on their Linux laptop. https://t.co/HNkzCLuEYT'
1,'@tofugranola Thank you!'
1,'Any Massachusetts voters here who know of links to good analyses of the ballot questions?'
1,'@matt_blackwell @Harvard Yes\, for all the same reasons as above\, and also because I teach on Tuesdays :)'
1,'7/7 The obvious response is why not just optimize the real measure and not the proxy one\, but this is generally impossible since we usually can\'t translate what we care about into a single number\, and definitely not one that we can measure.'
1,'6/7 Algorithmic systems are a "double edged sword" in that they can optimize very quickly and so are very "efficient" in optimizing whatever proxy measure they are aiming for. We\'ve already seen this in the 2010 "Flash Crash" and it\'s likely to happen more.'
1,'5/7 In human / social system we often add regulations as "regularizations" - ways to inject inefficiencies into the system so as to prevent over optimization. E.g.\, rent control stops converting all apartments into luxury ones in boom times\, which will then be empty in recessions'
1,'4/7 In fact\, just this Friday @johnschulman2 gave a talk in our seminar about "over optimization" to a proxy reward model in the context of training language models to follow instructions. https://t.co/aDA2PRHCPO'
1,'3/7 this should not detract from the general point\, that in many cases\, as a system\, whether algorithmic\, individual\, or societal\, becomes too efficient at optimizing its proxy measure\, it starts growing further away from the true goals we care about in the first place.'
1,'2/7 The strong version is that at some point optimizing P will become *negatively* correlated with O. In machine learning we call this "over fitting". There are special (but important!) cases where over-fitting is benign\, as in @jaschad\'s plot or https://t.co/koQLtCpHVv but ..'
1,'Great post! My thoughts below:

Goodhart\'s law is "when a measure becomes a target\, it ceases to be a good measure"
Mathematically\,  for any objective O and proxy measure P for O\, if we optimize P maximally then at some point it will no longer be positively correlated with O. 1/7 https://t.co/gIjUI3CfNa'
1,'Same here. I learn a lot from Twitter but it can also be a time (and more than that\, mental energy) sink. 

If Twitter goes down then maybe itâ€™s a good opportunity to take a break\, and focus more on the â€œsocial networkâ€ of the people that I interact with in person. https://t.co/g36zNcBvN5'
1,'@xexd Now I finally know the method you used to write the code for hotcrp!'
1,'I thought I was a professor in Cambridge Massachussets\, but it turns out that my true self is a tech bro in Silicon Valley. https://t.co/6t6j2a7yfw https://t.co/riZQ742cKA'
1,'(Should see the details of the MIT raise though - the quoted Tweet doesn\'t seem to contain any.)'
1,'Yes we should. https://t.co/vngBhjWqaj'
1,'@matt_blackwell @m_levendusky I love the "your area" - I guess clicking to see what the area was would have been too much trouble.  

I guess it\'s better than if he\'d said "if you\'ve seen one data analysis and politics course then you\'ve seen them all"'
1,'Postdoc opportunities in Machine Learning Foundations\, theory\, and more  at @harvard: https://t.co/OGl9MZS7ka'
1,'@DarceyNLP @davidweichiang @srush_nlp Love it!!'
1,'@BarneyFlames My ancestors have been driving stick-shift since at least the Middle Ages.'
1,'The talk in question characterizes opposition to Boaler\'s policies as coming from "parents who behave badly\, TV hosts and commentators\, STEM faculty\, and the group I refer to as math elitists â€“ those who want to keep high mathematics achievement only for students." https://t.co/lZiEB6KVQe https://t.co/lVq2pMll6D'
1,'@neeldhara @ShashankSrikant @ainvvy I love this video!  https://t.co/qzvTj6tvh6 
and my message you linked is definitely not "you don\'t deserve to be here". Rather it\'s motivating students why the work to go through the math is worth their time.'
1,'I won\'t be paying $20/month for a blue checkmark. Will be holding off until the Full Self-Tweeting package.'
1,'Sad but true https://t.co/5vibKi2uTC'
1,'16-year old Sam Trajtenberg gave an amazing guest lecture in my course CS 121 on how he built Minecraft in Minecraft. Along the way he had to teach himself logic gates \, CPU design\, assembler\, graphics\, and so much more. 

https://t.co/wF9PR7lMYh'
1,'A lot of PhD advising is just prompt engineering https://t.co/BkYFENEoSr'
1,'@tdietterich Some amount of trolling or content that you didn\'t want is inevitable in any social network. I think/hope that the ability here to control who I follow and block whom I want is enough to ensure trolls are not overwhelming my feed\, regardless of who owns the company.'
1,'Right now\, I\'m not planning to leave Twitter. Main benefit of this platform for me is to learn new scientific results and interact with scientists in my and adjacent fields.

Given the people I follow\, I seriously doubt I\'ll start seeing a flood of election/covid denying tweets. https://t.co/jJpDQmz9nE'
1,'@Allen_Schmaltz Is there a reference?'
1,'Maybe a better critique of longtermism is that it couches positive actions that benefit the present and near-term future\, in language about trillions of hypothetical future people\, that only alienates many people\, myself included.

https://t.co/to5BUHTlc6 https://t.co/HVXVARoTsJ'
1,'@CRSegerie A big difference with Go/Chess is that math doesn\'t have artificial rules\, which prevent humans from working together with AIs\, and also make for strict measurable metrics. In math inventing/discovering the questions to be solved is a large part of the sources.'
1,'@gershbrain It seems that often new engineering ideas come less from thinking about the structure of the problem\, and more from thinking about the structure of the hardware that we have to work with.'
1,'in the sense that AI systems are becoming less problem-specific\, and it does seem that the underlying representations they learn have similarities to those learned by natural NNs.

Less about copying an activation function from the brain\, and more about understanding processes'
1,'Good thread. Predictions are famously very hard\, especially about the future\, which is also why we can\'t infer the usefulness of a field for the future of AI from the past.  

While direct applications of neuroscience to AI was limited\, there is a sense of "convergent evolution" https://t.co/dG9SCAbsUE'
1,'@Abebab Thankfully I can get the PDF - looking forward to reading it! https://t.co/1Jr2w6n8aN'
1,'@claudiorlandi Love this video!'
1,'@lreyzin @a_r_i_t @prfsanjeevarora It\'s only when it was my turn to teach this course that I decided that if no one has written such a book\, I\'d better write it myself.'
1,'@lreyzin @a_r_i_t @prfsanjeevarora Yes\, for many years I was hoping someone else would write a book with less emphasis on automata\, and more emphasis on modern topics such as circuits\, and randomization\, which are better preparation for topics such as cryptography\, learning theory\, quantum computing and more.'
1,'Assuming it checks out\, this looks very cool - congrats!

Improves matrix exponent by 0.001 (from 2.37286 to 2.37188) but is a qualitative improvement since it breaks a barrier for this class of methods. (Still part of a broader class that cannot achieve exponent &lt; 2.3) https://t.co/LHc4JcTene'
1,'@safemoon Even website asking us to accept for cookies'
1,'@mmusktoken #MMUSK #METAMUSK 
@Jasmine_ICC
 
@VoskCoin'
1,'#MMUSK #METAMUSK @Jasmine_ICC @VoskCoin'
1,'@TradeOgre shall i withdraw all coins from your exchange ....'
1,'@TradeOgre yesterday i deposited 2393.95 ETN coins but today nothing\, i also found that all coins are sell ETN as well as OXEN from the exchange without my permission. https://t.co/4QaQjerVRT'
1,'@Aircoinreal How to migrate to new address? U can do migrate to new address'
1,'@AquaBsc Where is the form for migration to v2'
1,'@AquaBsc how can i migrate to V2 on metamask ?'
1,'@NanoDogecoinBSC Why no support from your team on twitter regarding migration\, manual setting from BSC for migration  ?'
1,'@PayX2p How to change wallet contract address in metamask ?'
1,'@UnwiveB @Lina14059489 @Jasmine_ICC

#BitcoinAsset #Btachain #CoinMarketCap'
1,'@UnwiveB @Lina14059489 @Jasmine_ICC

#1MillionNFT  #NFT #AutoReward #CoinMarketCap #stakeplaceinNFThistory'
1,'@VoskCoin @gitcoin 0xB9D466Ba00e6662a747e95d4bdb68cA06b6a62F1'
1,'@VoskCoin @GrowthDefi 0xA47aB65D188167A042a42949231d256831673880'
1,'@VoskCoin #VoskCoin'
1,'@VoskCoin #VoskCoin'
1,'@NFTstarter i am not getting equal to old NFT coin. my old coins is 8818.462 NST but new NST shows only 9.71779 NST in Metamask ?'
1,'@VoskCoin #VoskCoin'
1,'@MiniDOGEToken @lindsaylohan @UnwiveB @Jasmine_ICC @Lina14059489'
1,'@SirDogemoon @UnwiveB @Jasmine_ICC @Lina14059489'
1,'@PayX2p  why i am not able to swap from pancakeswap its shows "insufficient output error" msg while swapping'
1,'@PositionEx #PositionExchange #POSI #BSC 
@UnwiveB @realbitcoinrand @Lina14059489'
1,'@PositionEx #PositionExchange #POSI #BSC 
@UnwiveB @Jasmine_ICC @Lina14059489'
1,'@MiniDOGEToken Nice...'
1,'@KalataOfficial @CoinMarketCap @BinanceChain @Jasmine_ICC @Lina14059489 @UnwiveB 
#Kalata derivatives trading platform based on #BSC\, allowing everyone to gain on-chain exposure to a vast range of assets. #DeFi'
1,'@Littlefoxswap @UnwiveB @Lina14059489 @Jasmine_ICC'
1,'@GoogolCoin @UnwiveB @realbitcoinrand  @Lina14059489 @waziristani_hax @Jasmine_ICC'
1,'@PancakeFork @VinDAXOfficial @UnwiveB @realbitcoinrand @Lina14059489'
1,'Nice Project FLOKI INU and use #FLOKIARMY'
1,'@LITTLEFISHMOON1 @CoinMarketCap why i am not able to swap the coin from pancake from BNB (and from doge) to LTFM ? whats the min. token to swap ?'
1,'@ligertoken @TechRate1 #LIGER $LIGER
@lina14059489
@UnwiveB
@IFC2021'
1,'@shibance @BUnwive
@Lina14059489 

$WOOF #SHIBANCE'
1,'@SpaceTokenBSC @p2pb2b hurry...! go for free Space Token...'
1,'@btcalpha @BitcoinCandyCDY CDY coin has been removed from BTC-Alpha exchange. My coins nearly 0.66 million are not showing for that\, so how can i get my coins back ?'
1,'@btcalpha i am not able to find my CDY coins in exchange wallet as well as in CDY exchange ...'
1,'@InfinitecoinM @IFC2021 Do you have any mining pool for mining ?'
1,'@Y0geshCh0udhary customer call no. per koi jawab nathi aapta ane dgvcl office (adajan) ma call kariye to em kai che k kale aavsu...su aaj 24x7 service che'
1,'@vijayrupanibjp customer call no. per koi jawab nathi aapta ane dgvcl office (adajan) ma call kariye to em kai che k kale aavsu...su aaj 24x7 service che...'
1,'@PradipsinhGuj customer call no. per koi jawab nathi aapta ane dgvcl office (adajan) ma call kariye to em kai che k kale aavsu...su aaj 24x7 service che...'
1,'@saurabhpatelguj customer call no. per koi jawab nathi aapta ane dgvcl office (adajan) ma call kariye to em kai che k kale aavsu...su aaj 24x7 service che'
1,'@MySuratMySMC Prime Arcade (west zone) per check karo pani ni line pachi fati gai che\, savar thi pani waste thai che ...'
1,'àª²à«‹àª•àª¶àª¾àª¹à«€àª¨àª¾ àª®àª¹àª¾àªªàª°à«àªµ àªšà«‚àª‚àªŸàª£à«€àª®àª¾àª‚ àª…àª®à«‡ àªœàª¾àª—à«ƒàª¤àª¤àª¾ àª¦àª¾àª–àªµà«€ àª¨à«‡ àª®àª¤àª¦àª¾àª¨ àª•àª°à«€àª¯à«‡ àª›à«€àª¯à«‡ àªªàª£ àªœà«‹ SMC àªµà«‡àª¸à«àªŸ àªà«‹àª¨ àª§à«àªµàª¾àª°àª¾ àª…àª®àª¾àª°à«€ àªàª• àªµàª°àª¸ àªªà«‡àª¹àª²àª¾ àª¨à«€ àª«àª°à«€àª¯àª¾àª¦ àª¨à« àª¨àª¿àªµàª¾àª°àª£ àª•àª°àªµàª¾àª®àª¾ àª†àªµàª¤à« àª¨àª¥à«€ àª¤à«‹ BJP àª¨à«‡ Vote àª¶à« àª•àª¾àª® àª†àªªà« àª…àª¨à«‡ àª¤à«‹ àª¶à« àª®àª¾àª°à«‡  àª®àª¤àª¦àª¾àª¨ àª•àª°àªµà« àªœàª°à«àª°à«€  àª›à«‡? @DarshanaJardosh @narendramodi @niravshahbjp @MySuratMySMC @CMOGuj'
1,'àª²à«‹àª•àª¶àª¾àª¹à«€àª¨àª¾ àª®àª¹àª¾àªªàª°à«àªµ àªšà«‚àª‚àªŸàª£à«€àª®àª¾àª‚ àª…àª®à«‡ àªœàª¾àª—à«ƒàª¤àª¤àª¾ àª¦àª¾àª–àªµà«€ àª¨à«‡ àª®àª¤àª¦àª¾àª¨ àª•àª°à«€àª¯à«‡ àª›à«€àª¯à«‡ àªªàª£ àªœà«‹ SMC àªµà«‡àª¸à«àªŸ àªà«‹àª¨ àª§à«àªµàª¾àª°àª¾ àª…àª®àª¾àª°à«€ àªàª• àªµàª°àª¸ àªªà«‡àª¹àª²àª¾ àª¨à«€ àª«àª°à«€àª¯àª¾àª¦ àª¨à« àª¨àª¿àªµàª¾àª°àª£ àª•àª°àªµàª¾àª®àª¾ àª†àªµàª¤à« àª¨àª¥à«€\,àª¤à«‹  BJP àª¨à«‡ Vote àª¶à« àª•àª¾àª® àª†àªªà« ? àª…àª¨à«‡  àª®àª¾àª°à«‡ àª®àª¤àª¦àª¾àª¨ àª•àª°àªµà« àªœàª°à«àª°à«€  àª›à«‡ ? @BJP4Surat @amitShah @PMOIndia @sanghaviharsh @purneshmodi @CRPaatil'
1,'@PiyushGoyal Good\, vesebhi khidaki konsi saaf hoti hai'
1,'@ANI Really still Indian Government wants to discuss with dhongi farmers ?'
1,'@narendramodi @AmitShah why intelligence fails every times during shaheen bagh and now kishan rally\, why cops are not allowed to use guns (pellet or bullet) on rioters while they (roiters) are going to kill through tractors\, swords and using lathi on cops...have aagar su karso?'
1,'@narendramodi @AmitShah National Flag thrown ğŸ˜”\, Tax payers property destroyed\, attacks on cops now what\, only arrest the big kishan netas is only solution what after that\, next year again "dharna" ? ğŸ˜¡ğŸ˜¡'
1,'@NupurSharmaBJP @HMOIndia @CPDelhi @DelhiPolice National Flag thrownğŸ˜”\, Tax payers property destroyed\, attacks on cops now what\, only arrest big kishan netas is only solution after that next year again "dharna" ? ğŸ˜¡ğŸ˜¡'
1,'@NupurSharmaBJP @HMOIndia @CPDelhi @DelhiPolice why intelligence fails every times during shaheen bagh and now kishan rally\, why cops are not allowed to use guns (pellet or bullet) on rioters while they (roiters) are going to kill through tractors\, swords and using lathi on cops'
1,'@realbitcoinrand @YouTube wallet does not sync and your email blocked by gmail ?'
1,'@bcx_team i want to mine BCX but after not able to sysnc the wallet it shows "connecting to peer" so can provide me the node ?
ğŸ™‚ ğŸ™‚'
1,'@zumycoin i am trying to sync wallet but still it shows "connecting to peer" ...'
1,'@altillycom @Mangocoin2 exchange got hacked ...'
1,'@ZentoshiCoin from where i can download wallet ?'
1,'@ZentoshiCoin  i am trying to download wallet (windows 64) but no luck ?'
1,'@xazabdeveloper how i mine without wallet\, desktop still shows"connection to peer" android wallet syncing as well as not available on https://t.co/veBjfQDdQT ?'
1,'@isotopec_org yeah\, now receiving the coins thanks'
1,'@isotopec_org  i not received any coins into my wallet which i mined\, my address iA7BvNoFsyANEEh54vu67eWYdd5kyoLFmJ'
1,'@SuprnovaPools  from last few days i ma try to mine BCI coin but no luck it shows me "error (20) bad share: result hash is over share boundary (2)" whats the issue ? let me know ğŸ¤” ğŸ¤” ğŸ¤”'
1,'@SuprnovaPools
I am not able to mine BCI Coin it shows me "error (24) Unauthorized worker and it was rejected". I have already created worker. So let me know the issue so i can...'
1,'@Lite_Bitcoin i am miner i have thousands of LBTC on mining pool but not able to create wallet "connecting to  peer" ? ğŸ¤”'
1,'@VoskCoin @VoskCoin both small cap GPU and CPU mining'
1,'ArbiSwap Airdrop is now LiveğŸš€ğŸ’°ğŸ†

Click on below link to participate into this amazing #AirdropğŸ

https://t.co/wlkbLQNEzU

ğŸ Rewards: 1000 + 250 ASWAP ğŸ
ğŸ’° Value: $ 30
ğŸ‘¥ Referral: $ 7.5

#Airdrops #blockchain #cryptocurrency #ICO #bitcoin #Crypto #ETH #giveaway #defi'
1,'https://t.co/zzfSZMY5Ga

@YBross_Finance @Ilhamhamdiii @mcnilus @wxqchloe
@soso58181429 @waziristani_hax'
1,'@YBross_Finance @cctip_io @UniswapProtocol Let see Defi after ETH 2. launch'
1,'@PMOIndia @MySuratMySMC i have given complaint in written and online regarding illegal construction in surat municipal corporation (SMC) west zone as well as i met the person to whom my complain transfered but still no action has been taken against them.'
1,'@ethereumgoldetg  mining is possible with ETG n ETGP ?'
1,'@MySuratMySMC àª—à«‡àª°àª•àª¾àª¯àª¦à«‡ àª¬àª¾àª‚àª§àª•àª¾àª® (àªªàª¶à«àªšàª¿àª® àªà«‹àª¨)  àªµà«€àª¸à«‡ àª¦àª¸ àª¦àª¿àªµàª¸ àªªàª¹à«‡àª²àª¾ àª«àª°à«€àª¯àª¾àª¦ àª•àª°àªµàª¾àª®àª¾àª‚ àª†àªµà«€ àª¹àª¤à«€ àª›àª¤àª¾ àªªàª£ àª¹àªœà« àª¸à«àª§à«€ àª•à«‹àªˆ àªªàª£ àª«àª°àª¿àª¯àª¾àª¦ àª§à«àª¯àª¾àª¨àª®àª¾àª‚ àª²à«‡àªµàª¾àª®àª¾àª‚ àª†àªµà«€ àª¨àª¥à«€ àª…àª¨à«‡ àª¬àª¾àª‚àª§àª•àª¾àª® àª¬à«ˆ àª°à«‹àª•àªŸà«‹àª• àªšàª¾àª²à«€ àª°àª¹à«àª¯à« àª›à«‡ àª¤à«‹ àªªàª›à«€ àª†àª¨à«€ àª«àª°àª¿àª¯àª¾àª¦  àª—àª¾àª‚àª§à«€àª¨àª—àª°àª®àª¾àª‚ àª•àª°àªµà«€ àª¹à«‹àªˆ  àª¤à«‹ àª•àª¯àª¾àª‚ àª•àª°àªµà«€. àª¤à«‡ àª²àª¿àª‚àª• àª†àªªà«€ àª¶àª•à«‹?'
1,'@WesternRly @drmbct @RailMinIndia @PiyushGoyalOffc VIRAR'
1,'@RVNClassic GPU mining pool ? not on icemining'
1,'@Infinitecoin from last few days i am trying to find IFC mining pool but no luck all are down so can anyone suggest for the same ...'
1,'@BJP4Gujarat @saurabhpatelguj lockdown ma pan april sudhi ma bill bharidevu nu sms aave che ane e pan ghare nu meter reading check kaira vagar. To su lockdown ma joya vagar bill sms thi mokli devana ane aam public ke bhari devanu ..'
1,'sachi vaat lockdown ma pan april sudhi ma bill bharidevu nu sms aave che and e pan ghar nu meter reading check kaira vagar... https://t.co/xVjrQsU16a'
1,'@pradip901655 @BJP4Gujarat @saurabhpatelguj sachi vaat lockdown ma pan april sudhi ma bill bharidevu nu sms aave che ...'
1,'Bitcoin Black v Bitcoin. Get FREE coins ($36 value)!
Create your account https://t.co/Tg058gTHXd
Download the wallet https://t.co/33S3o3WX0a
Refer to your friends and receive more coins
https://t.co/1Y3Oz6oJLk'
1,'Bitcoin Black v Bitcoin. Get FREE coins ($36 value)! https://t.co/1Y3Oz6oJLk'
1,'@ajmerajai @NWRailways @RailMinIndia @IRCTCofficial @PiyushGoyal @PiyushGoyalOffc Maintenance aur quality pe koi dhiyan nahi deta chahe woh purani ho ya brand new ...'
1,'@jaiswa1_vaibhav @RailMinIndia same issue i have faced from surat to mumbai (Flying Ranee Exp.) as well as i given my contact no. but still no response from the WR...'
1,'@RupeeBlockchain hi\, right now i am mining in BTC\, RVN\, AION coin\, after SC lifting ban from crypto coins in india therefore now i am interested in RUP mining but i am not able find any pool so please can u help me regarding RUP mining pool (CPU or GPU) ...'
1,'Buy INVEST Token and Earn 1% daily (30%/month) in Yobit InvestBox! https://t.co/jxSHMAACNp'
1,'hurry get 5000 free coins  https://t.co/qq9gv9XFFW'
1,'Earn 1% daily in Yobit InvestBox! Try it now! https://t.co/jxSHMAACNp'
1,'Earn 2% daily in Yobit InvestBox! Try it now! https://t.co/jxSHMAACNp'
1,'Earn 2% daily in Yobit InvestBox! Try it now! https://t.co/jxSHMAACNp'
1,'Earn 1% daily in Yobit InvestBox! Try it now! https://t.co/jxSHMAACNp'
1,'Get 700 YoDollars for Free! https://t.co/p5FIHjO2Fi'
1,'https://t.co/V7kt4XGoRw via @paxful'
1,'@bitbns @Energicrypto (d) april 2018'
1,'@drmbct @RailwaySeva @RailMinIndia @RailwaySena On that day i was travelling in general coach not in reservation coach\, well this is not first time i faced but couble of times now let see what types of action IN will takes against them (pass holders) otherwise no meaning of IN on social media'
1,'@Oye_its_Abbas @RailwaySeva @RailMinIndia @drmbct @RailwaySena yeah that\'s true'
1,'@drmbct @RailwaySeva @RailMinIndia @RailwaySena On that day i am travelling in general coach not in reservation coach ...'
1,'@RailwaySeva if Western Railway is not listerning my complains then to whom should i forward my complain let me know.'
1,'@RailwaySeva i have send one complain regarding pass holders in 12922 (surat to mumbai) on @RailMinIndia
 and on @RailwaySeva you forward my complain to "Please look into it @Drmbct" but response from them\, I forwarded my contact to @RailwaySena but no luck.'
1,'@RailMinIndia if Western Railway is not listerning my complains then to whom should i send it let me know'
1,'@RailMinIndia If Western Railway is not listerning my complains then to whom should i send it let me know.'
1,'@RailMinIndia i have send one complain regarding pass holders in 12922 (surat to mumbai) on @RailMinIndia and on @RailwaySeva you forward my complain to "Please look into it @Drmbct" but response from them\, I forwarded my contact to @RailwaySena but no luck.'
1,'@drmbct Why there are so many pass holder in fly ranee exp. 12922 (surat to mumbai) in reservation and general coaches as well as not giving seats to passangers...'
1,'@WesternRly 

Why there are so many pass holder in fly ranee exp. 12922 (Surat to mumbai) in reservation and general coaches as well as not giving seats to other passangers...'
1,'@PiyushGoyal 
Why there are so many pass holder in fly ranee exp.( surat to mumbai) in reservation and general coaches as well as not giving seats to passangers...'
1,'@WesternRly @NaitikKTrivedi @SP_WR_Amd @drmadiwr Why there are so many pass holder in fly ranee exp. in reservation and general coaches as well as not giving seats to passangers...'
1,'@GimenezMarques \, investigadora y lÃ­der del grupo Crystal Engineering Lab  @CEL_group  del @ICMol_UV https://t.co/YroiHarOla'
1,'@AFormentAliaga \, Alicia Forment Aliaga\, investigadora en Ciencias de los Materiales y profesora de la Facultad de QuÃ­mica de la @UV_EG https://t.co/5Xdxr7IBoe'
1,'@Alejand75139552 \, Alejandra Soriano\, Doctora en QuÃ­mica\, TÃ©cnico especialista en tecnologÃ­as sobre Nanomateriales https://t.co/wLHsafz6PI'
1,'@R_Cordoba_ \, Rosa CÃ³rdoba\, Ingeniera QuÃ­mica e investigadora de la @UV_EG  en el Ã¡rea de Ciencia y TecnologÃ­a de Materiales https://t.co/k3ByFMfjzH'
1,'La @UV_EG  y @GVAfisabio lanzan el concurso de vÃ­deos "De major vull ser com..." para fomentar la vocaciÃ³n cientÃ­fica entre las mujeres https://t.co/i5wDKkeZ8E
 
En el @ICMol_UV te damos ejemplos de  investigadoras vocacionalesğŸ‘©â€ğŸ”¬
AbrimosğŸ§µ
@FECYT_Ciencia @CdCienciaUV 
@CienciaGob https://t.co/sDRJZXcHmE'
1,'El Comisionado Especial del Gobierno para el #PERTE de los #Microchips\, Jaime Martorell\, visita el  @ICMol_UV\, como parte de su ronda de contactos con integrantes del Valencia Silicon Cluster (VaSIC)
#semiconductores #chip @UV_EG @UPV  @desdelamoncloa 
â–¶ï¸https://t.co/A0XYpVOJRP https://t.co/NXpZJmXpux'
1,'ğŸ™‹â€â™‚ï¸We welcome Prof. Pierre #Rabu \, dtor of the Institute of Physics and Chemistry of Materials (Strasbourg)  @IPCMSlab
ğŸ“† 30th-Nov
âœ…"Versatile Insertion-Grafting in Layered Functional Systems: From functionalization to Exfoliation"
â° 11:00 Assembly Hall 
  #ICMolTalks @2DChem https://t.co/YE13DCOOSQ'
1,'ğŸ“¢ Hiring. UNTIL 19th December 
ğŸ‘©â€ğŸ”¬A PhD position at @ICMol_UV
âœ…"Epitaxial growth of 2D magnetic materials for superfluid spin transport studies"
âœ…#PlaGenT by  @GVAinnova
âœ… Physics\, physical chemistry or material science
Contact: amilcar.bedoya@uv.es
â¬‡ï¸https://t.co/fClkYwIUwb https://t.co/dGv5mlHFNF'
1,'ğŸ‘©â€ğŸ”¬Nunca es tarde para iniciarse en la #Ciencia  
Los talleres divulgativos del @ICMol_UV  de la @UV_EG son para todas las edades
Ahora mismo\, en el #IgualmentFest ğŸ’œReivindicando la igualdad en la Ciencia
ğŸ“†27/11
ğŸ“ PlaÃ§a de l\'Ajuntament
@CdCienciaUV
@AjuntamentVLC
@IgualMentFest https://t.co/8Jc6nZInkc'
1,'ğŸ‘©â€ğŸ”¬ Despertando vocaciones cientÃ­ficas entre los niÃ±os y las niÃ±as que realizan los talleres del @ICMol_UV de la @ @UV_EG 

SÃºmate a la #Ciencia\, en el #IgualmentFest del @AjuntamentVLC 

ğŸ“Ahora mismo\, en la PlaÃ§a de l\'Ajuntament 
@IgualtatVLC https://t.co/jKx4raUiGw'
1,'#IgualmentFest ğŸ’œCelebrando la igualdad en la Ciencia\, con talleres divulgativos:
ğŸ‘¨â€ğŸ”¬Fabrica tu propio \'slime\' 
ğŸ‘©â€ğŸ”¬CÃ³mo limpiar el agua con MOFs
ğŸ“†27/11. ğŸ“ PlaÃ§a de l\'Ajuntament
SÃºmate a los investigadores e investigadoras del @ICMol_UV 
 @CdCienciaUV @AjuntamentVLC
@IgualMentFest https://t.co/tekJzJUPtP'
1,'El equipo #IgualdadICMol_UV os anima a participar en esta #CadenaHumana promovida por el @IFICorpuscular con motivo del 25N.

DÃ­a Internacional de la Violencia contra la Mujer. 

La CienciağŸ§‘â€ğŸ¤â€ğŸ§‘ğŸ§‘â€ğŸ¤â€ğŸ§‘ "Codo con Codo" https://t.co/brTICxVAAU https://t.co/Ia0aOhmEDG'
1,'Tres investigadores del @ICMol_UV relatan algunas de sus vicisitudes para conseguir volver a EspaÃ±a y quedarse haciendo Ciencia. 

 @Carla_Boix3 \, @AlMar_Supra @j_sorianolopez 
En  @levante_emv y @ElPeriodico_Esp  

 https://t.co/ly7Eldko5v'
1,'ğŸ§ªElectrochemical science continues its expansion into applications for high societal impact. 
Its omnipresence is undeniable\,especially in #energyrevolution
The 2nd #ElectrochemistryDay\, by the @2DChem group\, discussed all this.
Thanks to all the speakers
https://t.co/8YuFUUpKAJ https://t.co/Ke7KpOFPVp'
1,'ğŸ‘‹Gracias a Antonio Gigerey\, del departamento de InnovaciÃ³n y FabricaciÃ³n de @KerabenGrupo\, 
 y a Francisco Javier GarcÃ­a Ten\, Responsable de Materiales y TecnologÃ­a en @ITC_ceramica.

â˜•ï¸Los desafÃ­os de la #cerÃ¡mica en los Desayunos de InnovaciÃ³n 
@ICMol_UV
@GVAavi @GVAinnova https://t.co/thIlUPPSlk'
1,'ğŸ“¢Vuelven los desayunos de InnovaciÃ³n y Transferencia del  @ICMol_UV 
âœ…Ciencia+Industria
Nos fijamos en el sector cerÃ¡mico. 
Ponencias de @KerabenGrupo e @ITC_ceramica 
ğŸ‘‹Te esperamos Â¡Â¡ 
ğŸ“†17 Noviembre
â°10:00h. 
âœ…Seminario ss6 
@parccientificuv https://t.co/xfPpi2aJxF'
1,'At @ICMol_UV  we are very proud every time one of our researchers achieves a #PhD 

VÃ­ctor is now entering a new stage in his career\, now as a postdoctoral researcher in Nanoscience &amp; Nanotechnology
ğŸ‘Congratulations @V_GarciaLopez 
Thanks @gab_guillem @chastanet_g @EvaRentschler https://t.co/d70dwUYbLf'
1,'ğŸ“Congrats to the new PhD in Nanotechnoloy and Nanoscience\, VÃ­ctor GarcÃ­a-LÃ³pez!
ğŸ…His thesis: â€œCarboxylic derivatives of spin-crossover complexes in switchable materials and surfacesâ€
Supervised by
Miguel Clemente &amp;
#EugenioCoronado\, Full Professor @UV_EG https://t.co/PEY2WPC4X2'
1,'Familia\, colegas de la ciencia\, amigos...

Una foto para el recuerdo en el homenaje al profesor Enrique OrtÃ­ en su 65 aniversario.

 @parccientificuv
#QuÃ­mica @FacQuimicaUVEG @UV_EG https://t.co/hiAL9MAiz5'
1,'El protagonista del simposio\, el profesor de la @UV_EG Enrique OrtÃ­\, toma la palabra para explicar la esencia de su carrera cientÃ­fica: "Science is people"

"40 aÃ±os disfrutando de la #QuÃ­mica con excelentes amigos"

#HomenajeEnriqueOrtÃ­ https://t.co/8sJKiNJ2n2'
1,'El investigador de la @UV_EG Daniel Tordera fue su alumno y ha explicado la llamada "Paradoja" del profesor Enrique OrtÃ­:

 "Siempre estaba ocupadÃ­simo\, pero cuando ibas a su despacho\, paradÃ³jicamente\, lo dejaba todo y te explicaba las dudas". 
@datordera
#HomenajeEnriqueOrtÃ­ https://t.co/naMFvVQ8VW'
1,'Repasando anÃ©cdotas y vivencias compartidas en el #HomenajeEnriqueOrtÃ­. 

En este caso\, con una emocionada 
@A_Sastre_Santos\, catedrÃ¡tica de QuÃ­mica OrgÃ¡nica de la Universidad Miguel HernÃ¡ndez de Elche y directora del @IB_UMH https://t.co/09RyFLezWl'
1,'El cariÃ±o del equipo liderado por el profesor Enrique OrtÃ­ a uno de los profesores e investigadores en #QuÃ­mica mÃ¡s valorados por los estudiantes. 

"Riguroso\, pedagÃ³gico\, empÃ¡tico.."
#HomenajeEnriqueOrtÃ­ https://t.co/XJIJwO2uxQ'
1,'El catedrÃ¡tico y director del @ICMol_UV #EugenioCoronado:
" Enrique OrtÃ­ ha tenido un papel decisivo en el crecimiento del Instituto de Ciencia Molecular"
AnÃ©cdotas y vivencias de toda una vida de Ciencia #HomenajeEnriqueOrtÃ­ https://t.co/RBE33Lcjd2'
1,'ğŸ¤²Emotivo y merecido homenaje en el @parccientificuv de hombres y mujeres de la #QuÃ­mica en EspaÃ±a al profesor Enrique OrtÃ­ en su 65 aniversario. 
@FacQuimicaUVEG @UV_EG 
#HomenajeEnriqueOrtÃ­ https://t.co/MCFSIGMkRn'
1,'ğŸ‘‹ğŸ‘‹Orgullosos en el @ICMol_UV de nuestra investigadora @NataliaMPadial\, premio INNOVA de @SusChemSpain. 

Su trabajo: "Desarrollo de una nueva clase de reactivos de P(V) sostenibles que conduzcan a una mayor eficiencia y a procesos mÃ¡s ecolÃ³gicos"

Enhorabuena Â¡Â¡Â¡ https://t.co/ZY0gz0jzTo'
1,'El ex rector de la @UV_EG Francisco TomÃ¡s abre el simposio en homenaje al profesor de la Facultad de #QuÃ­mica Enrique OrtÃ­ en sus primeros 65 aÃ±os. 

Y resume su trayectoria con orgullo: "A este chico\, yo le di clase". 

#HomenajeEnriqueOrtÃ­ https://t.co/LjHvkfH3YZ'
1,'ğŸ‘Espectacular foto de la familia cientÃ­fica del Plan Complementario de Materiales Avanzados que se ha presentado en GandÃ­a con la ministra de Ciencia\, @DianaMorantR 

#AMatS2022\, I Conferencia EspaÃ±ola coordinada por #EugenioCoronado\, director del @ICMol_UV 
@CienciaGob https://t.co/vXOAMoD5Jm'
1,'Todo listo para la presentaciÃ³n oficial del Plan Complementario de Materiales Avanzados. 
Coordinado por el profesor #EugenioCoronado\, catedrÃ¡tico de la @UV_EG y director del @ICMol_UV

PresidirÃ¡ el acto la ministra de InnovaciÃ³n y Ciencia\,  @DianaMorant

@CienciaGob #AMaTs2022 https://t.co/8j6ejuZpRc'
1,'El director de la FundaciÃ³n General CSIC \, RamÃ³n Torrecillas\, interviene en la tercera jornada de la I Conferencia EspaÃ±ola en Materiales Avanzados. #AMaTs2022 
"Sobre valorizaciÃ³n del conocimiento y soberanÃ­a tecnolÃ³gica".
ğŸ“†7-9N. Gandia 
@FGCSIC #AdvancedMaterials @Rtorrecillas https://t.co/EGT1ur0t3Y'
1,'Carlos MartÃ­-Gastaldo\, leader of the @FuniMat  group at @ICMol_UV \, gives a contributed talk in #AMatS\, 1st Conference on Advanced Materials in Spain. 
 
Advanced Materials Supplemental Program of the Spanish Government
ğŸ“†7-9N. Gandia 
@CienciaGob https://t.co/GLcUP1MUbo'
1,'ğŸ“¢Los integrantes del consorcio #Bioclean repasamos resultados y objetivos.

Usamos biotecnologÃ­a para obtener productos de desinfecciÃ³n libres de gases nocivos o contaminantes
Con apoyo de  @avi
@Cleanity_es  @iata_csic @ainiatecnologia @GVAfisabio @ICMol_UV  #LumensiaSensors https://t.co/h3FrL6SnqH'
1,'#AMatS2022\, the I Conference on Advanced Materials\, kicks off the strategy of the spanish government for the next 3 years.
 
More than 50 research groups leaded by Prof. #EugenioCoronado\, director of 
@ICMol_UV 
ğŸ“†7-9 N. Gandia (Spain)
Detailed program:â¬‡ï¸
https://t.co/5m9UKI6uln https://t.co/M4lcS4KLER'
1,'ğŸ“¢El profesor Jordi Arbiol\, investigador @icreacommunity en el @icn2nano\, presenta las lÃ­neas del Plan Complementario de Materiales Avanzados que coordinarÃ¡ para CataluÃ±a

#AMatS2022\, I Conferencia EspaÃ±ola de Materiales Avanzados. Gandia (Valencia)
@CienciaGob @jarbiol @recercat https://t.co/SoQgfiXIg1'
1,'ğŸ‘©â€ğŸ”¬Ester VÃ¡zquez FernÃ¡ndez\, directora del Instituto Regional de InvestigaciÃ³n CientÃ­fica Aplicada @IRICA_uclm\, expone las lÃ­neas del Plan Complementario de Materiales Avanzados que lidera en Castilla La Mancha. 
#AMatS\, I Conferencia EspaÃ±ola en Materiales Avanzados
ğŸ“†7-9/N.GandÃ­a https://t.co/VjUQSp4kKA'
1,'Miguel Ãngel RodrÃ­guez PÃ©rez\, catedrÃ¡tico de la Universidad de Valladolid @UVa_es \, es el coordinador cientÃ­fico para Castilla y LeÃ³n del Plan Complementario de Materiales Avanzados @CienciaGob 
#AMatS2022 . I Conferencia EspaÃ±ola en Materiales Avanzados 

ğŸ“†7-9/N. Gandia https://t.co/ay8199bQ0G'
1,'âœ…Ricardo DÃ­ez MuiÃ±o\, director del Donostia International Physics Center @DIPCehu\, es el coordinador cientÃ­fico en PaÃ­s Vasco del Plan Complementario de Materiales Avanzados.

Ha explicado sus lÃ­neas en la I Conferencia EspaÃ±ola de Materiales Avanzados  
#AMatS2022 
@CienciaGob https://t.co/SgiYGTPji5'
1,'Conrado Rillo\, director del Instituto de Ciencia de Materiales de AragÃ³n @ICMA_Aragon\, explica las lÃ­neas cientÃ­ficas en @GobAragon  del Plan Complementario de Materiales Avanzados
âœ…I Conferencia EspaÃ±ola de Materiales Avanzados #AMatS2022
ğŸ“† 7-9N
ğŸ“GandÃ­a(Valencia)
 @CienciaGob https://t.co/NZXKKOrPo2'
1,'El profesor @nazariolab \, vicedirector de @IMDEA_Nano\, explica su proyecto como coordinador cientÃ­fico para la @ComunidadMadrid del Plan Complementario de Materiales Avanzados.

âœ…I Conferencia EspaÃ±ola de Materiales Avanzados #AMatS2022. 
GandÃ­a (Valencia) 
@CienciaGob https://t.co/ZHImdUzsWj'
1,'"El Plan Complementario de Materiales Avanzados permitirÃ¡ coordinar una estrategia nacional  de I+D para 3 aÃ±os del Gobierno con las CCAA"   

 #EugenioCoronado\, director del @ICMol_UV  inicia las intervenciones en el I Conferencia EspaÃ±ola en Materiales Avanzados. 
#AMatS2022 https://t.co/HiyHZvgldE'
1,'âœ…El director del @ICMol_UV \, #EugenioCoronado\, detalla en @valenciaplaza el Plan Complementario de Materiales Avanzados del @CienciaGob que coordina para toda EspaÃ±a. 

El plan de trabajo se debate en la I Conferencia EspaÃ±ola en Materiales Avanzados.
ğŸ“†7-9/N.GandÃ­a
#AMats2022 https://t.co/gBS9Hna06z'
1,'ğŸ‘©â€ğŸ”¬Arranca en GandÃ­a (Valencia) #AMatS2022\, la I Conferencia EspaÃ±ola en Materiales Avanzados
 
ğŸ”¬54 centros de investigaciÃ³n coordinados por el profesor #EugenioCoronado\, director del @ICMol_UV 

ğŸ“† El 9/11 la ministra @DianaMorantR firma el plan de 53M del @CienciaGob y las CCAA https://t.co/Rea0XxKZX5'
1,'Abraham Mendoza\, Cidegent-GenT researcher @GVAinnova\, @ERC_Research Starting grantee &amp; Wallenberg Foundation fellow gives a lecture at #ICMolTalks

Abraham leads the Sustainable Organic Chemistry Group @MendozaLab at @ICMol_UV  
Introduced by prof. #EugenioCoronado 

Welcome Â¡ https://t.co/jRKwIvFHT5'
1,'#Nanolito2022 has been a very good example of a scientific workshop:
âœ…ï¸ Good &amp; advanced science
âœ…ï¸ Great speakers
âœ…ï¸ Discussion &amp; conclusions
âœ…ï¸ Networking &amp; entertainment
Congrats @RedNanolito
@CienciaGob 
@AgEInves 
@INMAdivulga 
@UV_EG https://t.co/DCCRG6Zogp'
1,'Congratulations\, @Carla_Boix3 \, best talk award in #Nanolito2022 
"Lithography for magnetic van der Waals" 
Carla is PhD student in Nanoscience and Nanotechnology at @ICMol_UV
@RedNanolito   @INMAdivulga @CienciaGob @AgEInves https://t.co/jorMccSEm4'
1,'ğŸ‘ğŸ‘Our last invited speaker at #Nanolito2022 is Dr. Joan Vila-Comamala\, from Paul Scherrer Institut (Villigen Institut) 
@psich_en 
ğŸ‘¨â€ğŸ”¬His talk: "Pushing the limits of X-Ray optics by nanofabrication"

@RedNanolito @GEFES_RSEF 
@LMA_UNIZAR
@CSIC
@CienciaGob
 â¦@INMAdivulga https://t.co/SiFABUWMZb'
1,'ğŸ”¬The 3rd day of #Nanolito2022 opened with an amazing talk by Regina Luttge from Eindhoven University of Technology @TUeindhoven 
 "Nanolitographic tailoring of bio (electro) mechanical interfaces"
Thanks a lot\,Regina 
@RedNanolito
@GEFES_RSEF 
@CSIC
@CienciaGobâ¦
@INMAdivulga https://t.co/7GltMhlM2W'
1,'ğŸ†The @RedNanolito has awarded the #Nanolito2022 Doctoral Thesis Prize to Alejandra Jacobo MartÃ­n
Her thesis: "Functional structured surfaces scaled up via roll-to-roll nanoimprint technology"
Supervised by Isabel RodrÃ­guez\, J. HernÃ¡ndez &amp; IvÃ¡n Navarro in @IMDEA_Nano 
CongratsÂ¡ https://t.co/XVDw0T0Rqh'
1,'ğŸ‘And the award for the best poster of #Nanolito2022 goes to Jone Mencos Frechilla\, from CIC-Nanogune @nanoGUNE 

"Looking for ths spin swapping effect". 

ğŸ†ğŸ†Congrats Â¡Â¡Â¡ 

@RedNanolito
@GEFES_RSEF
@CSIC
@CienciaGob
â¦@INMAdivulga https://t.co/1V22ezdSvQ'
1,'ğŸ‘Thanks to Katja HÃ¶flich\, from Ferdinand Braun Institut @FBH_News  in Berlin\, for her amazing talk in #Nanolito2022

@RedNanolito
@GEFES_RSEF
@CSIC
@CienciaGob
@INMAdivulga https://t.co/aXagBdbIwx'
1,'ğŸ‘Thanks to Dr. Denys Makarov from @HZDR_Dresden as a #Nanolito2022 speaker:
"Curvature effects in curvilinear and 3D low-dimensional magnetic architectures" 

 â–¶ï¸https://t.co/Hiu8I0SEdw 
ğŸ“ @parccientificuv 

@CienciaGob @AgEInves @GEFES_RSEF @CSIC
@INMAdivulga @RedNanolito https://t.co/ELE1uAKeeh'
1,'We start with the talk of one of our invited speakers\, Nicola Poccia  @nicolapoccia\, from @dresden_ifw  (Germany) 

ğŸ”¬ğŸ‘¨â€ğŸ”¬"Twistronics of high temperature superconductors" 
#Nanolito2022 
 â–¶ï¸https://t.co/Hiu8I0SEdw 
@CienciaGob
@AgEInves
@UV_EG https://t.co/qh0Drk7QGE'
1,'ğŸ‘‹ğŸ¾We have already started #Nanolito2022.
 Thanks to the chancellor of the @UV_EG \, MÂª Vicenta Mestre; the directors of the @parccientificuv and @ICMol_UV &amp; JosÃ© MarÃ­a de Teresa @RedNanolito.

Congrats to @AFormentAliaga and @R_Cordoba_  for the successful organization. https://t.co/fkwoMVLJiz'
1,'ğŸ“¢ #Nanolito2022 kicks off at the @parccientificuv 

What\'s #Nanolithography ?

A method for making patterns and devices as miniaturised as possible

From the smallest and complex transistors to optical and chemical sensors
â–¶ï¸https://t.co/Hiu8I0Tc34 
@CienciaGob
@AgEInves
@UV_EG https://t.co/ebQFJxgR0p'
1,'ğŸ‘‹Many thanks to all the invited speakers at #ElectrochemistryDay . It was a very interesting day of scientific discussion.
 
We are already preparing the third edition. 
@2DChem @ICMol_UV @IMDEAEnergia @inam_uji @ITQ_UPVCSIC @UPCTnoticias https://t.co/BkBHk7LZFm'
1,'ğŸ“¢Nothing is missing now. Everything is ready for the VIII Spanish Workshop in Nanolitography. #Nanolito2022
â–¶ï¸All invited speakers here
â–¶ï¸https://t.co/Hiu8I0Tc34 
ğŸ“… 26 th-28th October. Valencia\, Spain.
@CienciaGob
@AgEInves
@CEMagnetismo
@RedNanolito https://t.co/ybNPhkx4Mw'
1,'Thanks\, @Vic_Oestreicher\, from @2DChem research group\, for your interesting talk in #ElectrochemistryDay . 
@parccientificuv #GreenRevolution https://t.co/dWXW8ujE4m'
1,'Francisco Fabregat\,  from Energy &amp; Advanced Materials research group @inam_uji has joined as invited speaker the #ElectrochemistryDay
Thank you Â¡Â¡Â¡ @2DChem https://t.co/hYGvsIxB1b'
1,'Jose Manuel Serra\, @ITQ_UPVCSIC researcher\, gives a talk as invited speaker. 
 "#ElectrochemistryDay"
 @2DChem 
@parccientificuv @IMDEAEnergia @inam_uji https://t.co/fLrRu8Oa3L'
1,'@2DChem research group\, led by @Gonzalo_Abellan\, organizes the II "#ElectrochemistryDay" 

âœ…A scientific conference on electrochemistry and new materials for #Energy 

You can still join us? â¬‡ï¸ https://t.co/BhZnYAt5ZX 

ğŸ“ Marie Curie Audit. UV Science Park https://t.co/tCnPrnslkb'
1,'The leader of the  @2DChem group in the @ICMol_UV \, Gonzalo abellan\, welcomes the attendees to the  "#ElectrochemistryDay".

AbellÃ¡n sends a strong message:
 "Everyone who is involved in the global Energy Revolution in the world needs #Chemistry"
@UV_EG @parccientificuv https://t.co/2PxWB5IreA'
1,'ğŸ“¢ Very excited. There are ONLY SIX DAYS left before the start of the VIII Spanish Workshop in Nanolitography. #Nanolito2022
â–¶ï¸All invited speakers here
â–¶ï¸https://t.co/Hiu8I0B2OW 
ğŸ“… 26 th-28th October. Valencia\, Spain.
@CienciaGob 
@AgEInves
 @CEMagnetismo
@RedNanolito https://t.co/JfORIzDW2s'
1,'ğŸ‘Thanks to Professor Javier Schmidt\, from @UNLitoral (Santa Fe\, Argentina)\, for his amazing lecture in #ICMolTalks

Introduced by @HJBolink\, Molecular Optoelectronic Devices Team group leader and associate professor at the University of Valencia
@UV_EG   #perovskites https://t.co/pmIRggCPDm'
1,'Thanks\, Daniel RamÃ³n @ADMupdates for your amazing talk about the successful story of @Biopolis_SL 

"There is no such thing as elemental and applied science\, but good and bad science"

@parccientificuv  #ICMolTechTransfer  #DesayunosICMol #ICMolTechtransfer https://t.co/erVFbHbib8'
1,'#EugenioCoronado is part of the European consortium of 4D-NMR project\, funded by #Pathfinder @EUeic for disruptive science

ğŸ”¬A NMR technique to visualise the chemical structure of a single molecule\, increasing the sensitivity of current technology https://t.co/woFjDXofWP
@UV_EG https://t.co/5haaom3563'
1,'AtenciÃ³n\, porque tenemos nueva ediciÃ³n de los desayunos de InnovaciÃ³n  y Transferencia del @ICMol_UV
Hoy\, con Daniel RamÃ³n\, vicepresidente de I+D en NutriciÃ³n de ADM @Biopolis_SL \, spin-off del @CSICval y que es parte del gigante ADM.
ğŸ“†10:00 h
âœ…Seminario ss6 @parccientificuv https://t.co/1wmjoHnaF1'
1,'Enhorabuena\, #Carlos MartÃ­-Gastaldo\, lÃ­der del grupo @FuniMat en el @ICMol_UV por el reconocimiento a la excelencia en la investigaciÃ³n por parte de la Real Sociedad EspaÃ±ola de QuÃ­mica. 
@RSEQUIMICA @UV_EG https://t.co/XFr9aaNEwl'
1,'ğŸ‘Enhorabuena al profesor de la @UV_EG Francisco Lloret\, cuya carrera como investigador ha sido distinguida por la Real Sociedad EspaÃ±ola de QuÃ­mica.
 @RSEQUIMICA  @QuimCoord 
https://t.co/ng89RePhmK https://t.co/u5wyO2NYDt'
1,'El grupo de investigaciÃ³n @2DChem liderado por @Gonzalo_Abellan organiza el II "Electrochemistry Day"
âœ…Una conferencia cientÃ­fica sobre electroquÃ­mica y materiales para energÃ­a
Quieres venir ? â¬‡ï¸
https://t.co/CxbUlAktBS
ğŸ“†21 Oct.
â°09:00 h
ğŸ“ Marie Curie Audit. Parc Cientific UV https://t.co/zmfxPsQShS'
1,'@2DChem\, investigation group\, led by @Gonzalo_Abellan\, is organizing the 2nd "Electrochemistry Day"
âœ…A scientific conference on electrochemistry and energy materials
Do you want to join us? â¬‡ï¸ 
https://t.co/CxbUlA3qzS
ğŸ“†21th October
ğŸ“ Marie Curie Auditorium\, Parc Cientific UV https://t.co/phRfx5SJr4'
1,'ğŸ“£@ICMol will lead a Pathfinder Challenges grant of the European Innovation Council to develop breakthrough Nuclear Magnetic Resonance (NMR) that allows the observation of a single molecule ğŸ¦ ğŸ”¬
ğŸ’°The project 4D-NMR has been awarded 3Mâ‚¬. 
https://t.co/LMvapUAVgl
@EUeic https://t.co/a9A1BNv7r1'
1,'ğŸš€ El @ICMol_UV  participarÃ¡ en un proyecto #Pathfinder financiado con â‚¬3 millones por el Consejo Europeo de InnovaciÃ³n para desarrollar una \'Nanoresonancia\' MagnÃ©tica que alcance a una Ãºnica molÃ©cula
âœ…https://t.co/ywsuSQFnLF
 @EUeic 
#linzuniversity
@UniofOxford @bengurionu https://t.co/WBKgTxHGjS'
1,'Congratulations! 

ğŸ‘ Guillermo MÃ­nguez Espallargas\, National Research Award 2022 for Young People in Chemical Science and Technology. Spanish Government. 

Awarded "for the originality\, potential and impact of his contributions to the synthesis of compounds"
@CEL_group @UV_EG https://t.co/HEvUXb5IUu'
1,'Â¡Enhorabuena ! 
ğŸ‘ Guillermo MÃ­nguez\, Premio Nacional de InvestigaciÃ³n 2022 para JÃ³venes en Ciencia y TecnologÃ­a QuÃ­mica.

ğŸ§ª"Por la originalidad\, potencial e impacto de sus aportaciones a la sÃ­ntesis de compuestos".
@CEL_group  @UV_EG https://t.co/tjLcRBncvz'
1,'Seguimos en #EcochemicalSolutions\, el primer salÃ³n de la QuÃ­mica en @Feria_Valencia . 
El investigador distinguido del @ICMol_UV @Gonzalo_Abellan presenta su proyecto LDHPACK para conseguir envases 100% aislantes y reciclables.

 #LDHPACK @GVAavi @2DChem https://t.co/eAQRc6K4Zp'
1,'ğŸ§ªSeguimos en #EcochemicalSolutions\, la cita del sector quÃ­mico en @Feria_Valencia .
ğŸ“†El director del @ICMol_UV \, #EugenioCoronado\, en desayuno de trabajo de @valenciaplaza y @QUIMACOVA 
ğŸ“†17:30 @Gonzalo_Abellan presenta su proyecto de envases 100% sostenibles. #LHDPACK @GVAavi https://t.co/bsmBdrcHfH'
1,'La investigadora MÃ³nica GimÃ©nez-MarquÃ©s\, co-lÃ­der de @CEL_group en el @ICMol_UV \, presenta el proyecto #Bioclean\, biotecnologÃ­a al servicio de la seguridad clÃ­nica y alimentaria. 

Ahora mismo en @Feria_Valencia #EcoChemicalSolutions
@Cleanity_es @GVAavi https://t.co/cTViAMlpIK'
1,'Ya sabÃ©is que el @ICMol_UV estÃ¡ estos dÃ­as en @Feria_Valencia exponiendo sus lÃ­neas de I+D.
 
Os animamos a visitar nuestro expositor en #EcochemicalSolutions
@QUIMACOVA
 #LaQuÃ­micaNosUne https://t.co/pHBDPtGprW'
1,'Todo listo para arrancar la participaciÃ³n del @ICMol_UV  en el  salÃ³n #EcoChemicalSolutions en @Feria_Valencia\, la gran cita del sector quÃ­mico en la Comunidad Valenciana. 
El equipo de transferencia e innovaciÃ³n del Instituto\, en perfecto estado de revista Â¡Â¡ 

#LaQuÃ­micaNosUne https://t.co/QanCfMWPN3'
1,'ğŸ“†El investigador distinguido del @ICMol_UV Gonzalo AbellÃ¡n participarÃ¡ el prÃ³ximo dÃ­a 5 de Octubre en este evento de @innotransfer con la ponencia:
Â«Materiales bidimensionales catalÃ­ticos: electrodos de Ãºltima generaciÃ³n para producciÃ³n de hidrÃ³geno verdeÂ»
Presencial y online â¬‡ï¸ https://t.co/w89waCY1pq'
1,'ğŸ“£ğŸ“£ Dentro del programa de la @MednightGTS \, la investigadora del @ICMol_UV MÃ³nica GimÃ©nez-MarquÃ©s interviene en @CaixaForum VLC para explicar las enormes posibilidades de los materiales porosos conocidos como MOFs. 
#EuropeanResearchersNight @MednightEu @CdCienciaUV https://t.co/bCs4pqAaHT'
1,'Enhorabuena al investigador del @ICMol_UV Samuel MaÃ±as\, premio a la mejor tesis en Nanociencia y Materiales Moleculares del @_GENAM . @RSEQUIMICA https://t.co/ZQqeVXgh0I'
1,'ğŸ¤¯Reabrimos los talleres de ciencia del @ICMol_UV en la @MednightGTS . 
Hasta las 21:00 h en la @CACiencies 
Â¿Quieres fabricar tu propio blandiblÃº  o autÃ©ntica kriptonita? 
#EuropeanResearchersNight @MednightEu https://t.co/Oc3bj9wvOu'
1,'ğŸ¤¯ Â¿Sabes que con los materiales tipo MOF puedes salvar el planeta? 

En los talleres del @ICMol_UV en la @MednightEu te enseÃ±amos a depurar el agua con la QuÃ­mica. 
#EuropeanResearchersNight @MednightGTS @CdCienciaUV 
@CEL_group https://t.co/LUCwXwt2te'
1,'En la cuenta de Instagram del @ICMol_UV podÃ©is comprobar lo bonito que es divulgar la ciencia cuando se hace con entusiasmo. 
#EuropeanResearchersNight
@MednightEu
@MednightGTS
https://t.co/Vj5c1JWv1y'
1,'ğŸ‘©â€ğŸ”¬En los talleres del @ICMol_UV en la @MednightEu te explicamos el secreto de la cianidina\, una molÃ©cula que encontramos en la col lombarda y que provoca su cambio de color. Todo un arco iris. ğŸŒˆ
Ahora en @CACiencies 
#EuropeanResearchersNight @FuniMat @CdCienciaUV @MednightGTS https://t.co/VHFIjp1RAb'
1,'En los talleres divulgativos del @ICMol_UV te explicamos cuÃ¡l es el secreto quÃ­mico del \'blandiblÃº\'. 
ğŸ‘¨â€ğŸ”¬Y luego te lo llevas a casa. 
Ahora mismo en @CACiencies en la @MednightEu 
#EuropeanResearchersNight @CdCienciaUV @MednightGTS https://t.co/9q87J988Wh'
1,'El equipo del @ICMol_UV \, listo para arrancar la @MednightEu.
Recuerda nuestros talleres: 
âœ… BlandiblÃº 
âœ… Kriptonita 
âœ… Descontamina con MOFs
âœ… El arco iris de la col lombarda
Gracias @CdCienciaUV por contar con nuestros investigadores 
#EuropeanResearchersNight @MednightGTS https://t.co/6qGoBIzPii'
1,'ğŸ¾En el @ICMol_UV estamos de enhorabuena.

ğŸ‘©â€ğŸ”¬La investigadora RamÃ³n y Cajal MÃ“NICA GIMÃ‰NEZ-MARQUÃ‰S\, co-lÃ­der de @CEL_group \, ha obtenido una #becasleonardofbbva en el Ã¡rea de Ciencias BÃ¡sicas.
â–¶ï¸AquÃ­\, su proyecto: https://t.co/nFLWXV2ZL1

@FundacionBBVA  @GimenezMarques @UV_EG https://t.co/pkAunUBbA0'
1,'ğŸ‘¨â€ğŸ”¬Viaja con el @ICMol_UV al mundo de los cristales.

Con el grupo @crisol_lab entenderÃ¡s algo mÃ¡s de fÃ­sica de materiales y de la fluoresceÃ­na

AcompÃ¡Ã±anos este viernes en la Noche de los Investigadores: https://t.co/Rw0PKtEbUc
@MednightGTS @MednightEu  #EuropeanResearchersNight https://t.co/1IIp0Ginms'
1,'ğŸ‘©â€ğŸ”¬En los talleres del @ICMol_UV en la @MednightGTS aprenderÃ¡s conceptos como el PH. 
ğŸŒˆLo harÃ¡s de forma divertida\, con el juego de la col lombarda que cambia de color Â¡

Programa: https://t.co/M3UNkICq4D
@MednightEu #EuropeanResearchersNight https://t.co/3w9L7JBfaB'
1,'ğŸ‘©â€ğŸ”¬En los talleres de la @MednightEu aprenderÃ¡s ciencia de manera divertida. 
âœ…FabricarÃ¡s un polÃ­mero entrecruzado (blandiblÃº)\, basado en elementos cotidianos como cola transparente\, agua y bÃ³rax. #slime
MÃ¡s info â–¶ï¸: https://t.co/zxQccPmQeT
#EuropeanResearchersNight #MednightGTS https://t.co/PTbf4f0yWm'
1,'ğŸ‘©â€ğŸ”¬Listos en el @ICMol_UV para la Noche de los Investigadores @MednightEu
Volvemos con la @CdCienciaUV y nuestros talleres: 
âœ…Fabrica â€˜blandiblÃºâ€™ y kriptonita
âœ… El arco iris de la col lombarda
âœ… Salva el planeta con los MOFs 
https://t.co/kQtcMtCFBi
 #EuropeanResearchersNight https://t.co/cQ8gdiQjm6'
1,'Interesantes reflexiones del presidente de la patronal quÃ­mica @QUIMACOVA \, un sector que moviliza el 25% de la I+D+i en la Comunidad Valenciana.
Otros datos: 
âœ…12% del PIB regional 
âœ…600 empresas censadas
âœ…5.300 millones de cifra de negocio https://t.co/j3uaE4ojHC'
1,'ğŸ“°@ICMol_UV  and @zeleros  Hyperloop discusse future collaborations on high-efficiency batteries and alternative materials.

Interesting meeting between #ICmol\'s director\, #EugenioCoronado\, researcher @Gonzalo_Abellan and Ruth Manzanares\, with cofounder-CTO @daniorient 
&amp; team. https://t.co/fb88Gl4iL4'
1,'âœ…"Spintronics with magnetic insulators"
Lecture by Dr. SaÃ¼l VÃ©lez Centoral\,  Group Leader at Condensed Matter Physics Center\, @ifimacuam 
@UAM_Madrid
ğŸ™‹â€â™‚ï¸Introduced by EfrÃ©n Navarro @ephraimum\, group leader  @crisol_lab and @ERC_Research grantee 
Thanks. 
#WeAreICMol  #ICMolTalks https://t.co/LECBRJGLRf'
1,'ğŸ“¢ Del 4-6 de octubre el @ICMol_UV tendrÃ¡ un stand en #EcoChemicalSolutions\, la gran cita sobre la #sostenibilidad de la industria quÃ­mica\, en 
@Feria_Valencia 
ğŸ§ªğŸ‘©â€ğŸ”¬Sumamos la ciencia fundamental y la aplicada

â¡ï¸ https://t.co/hOey8LcMhf
â–¶ï¸https://t.co/pCGEGAHNXt
#EChS #ECOQUIM https://t.co/ZvzL4ln6kP'
1,'ğŸ™‹â€â™‚ï¸ We welcome to #ICMolTalks SaÃ¼l VÃ©lez\, Group Leader at Condensed Matter Physics Center\, @ifimacuam @UAM_Madrid 
âœ…"Spintronics with magnetic insulators" 
Guest lecturer by @crisol_lab\, led by EfrÃ©n Navarro @ephraimum -
ğŸ“†September\, 22th
â° 11:00 am
ğŸ“SS6 Office
@parccientificuv https://t.co/Nh9VVH6jZm'
1,'ğŸ‘ğŸ¾There are already more than 2000 of us in the ICMol community.

Let\'s celebrate Â¡Â¡Â¡

Growing in the dissemination of #Chemistry #Science #Research 

#WeAreICMol
@parccientificuv 
@UV_EG https://t.co/RMMcIxTQ1o'
1,'ğŸ‘¨â€ğŸ”¬ Â¿Conoces el MÃ¡ster de Nanociencia y NanotecnologÃ­a del @ICMol_UV ? 

â–¶ï¸ La estudiante @a_lazaro_ te explica su experiencia. 
âœ…  Si eres estudiante de #QuÃ­mica\,  #FÃ­sica o #BiolÃ³gicas y te interesa el mundo \'nano\'\, aquÃ­ tienes mÃ¡s info. 
https://t.co/Ik5UCL3PEk
#WeAreICMol https://t.co/Kq8MMY4Kdn'
1,'@mokshkant7 @PizzaHutIN @PizzaHutIN'
1,'@EdwardDixon3 Added to the list!'
1,'@EdwardDixon3 @eL0TECH This is going to come in handy!'
1,'@mokshkant7 Congratulations bro!!'
1,'@EdwardDixon3 Definitely! Saving this'
1,'@EdwardDixon3 ğŸ˜‚'
1,'@thestarkster7 @gdscmuj @googledevs Have a good run! All the best!'
1,'@maddyb_99_ @elonmusk Yes sir\,I 100% do!'
1,'@KishoreGanesh12 Should\'ve galvanised stupid ass mofo!'
1,'@KishoreGanesh12 No'
1,'@KishoreGanesh12 It\'s just you'
1,'@JohnSnowLabs Couldn\'t be happier ğŸ˜Œ!'
1,'@LilNasX Murders have been cancelled for 2019'
